{
  "IcoMoonType": "selection",
  "icons": [
    {
      "icon": {
        "paths": [
          "M141.992 959.326l-18.075-14.747c5.255 4.655 12.544 10.543 18.075 14.747z",
          "M453.605 933.517l-34.183 28.881c12.019-8.576 23.458-18.216 34.183-28.881z",
          "M162.412 973.043l-20.419-13.716c6.050 4.5 14.067 9.789 20.419 13.716z",
          "M15.32 719.286l-1.563-26.806c0.276 6.643 0.963 20.278 1.563 26.806z",
          "M13.703 666.739c-0.088 3.382-0.296 10.752-0.296 14.161 0 1.24 0.337 10.348 0.35 11.587l-0.054-25.748z",
          "M167.693 385.583l19.085-9.843c-4.574 2.176-14.632 7.384-19.085 9.843z",
          "M153.634 394.253l14.060-8.664c-4.763 2.728-9.452 5.605-14.060 8.664z",
          "M548.008 622.579c-119.653 93.777-225.199-185.243-95.562-195.496 0 0-6.029-5.794-9.115-8.569-44.82-40.347-100.352-64.222-160.478-64.222-33.853 0-66.223 7.64-96.074 21.457l40.987 86.036-106.678 0.007 31.966-67.126c-80.027 53.423-135.222 154.718-139.352 272.074l28.301-59.439 53.349 111.98-80.034 0.007c4.386 45.386 16.445 87.916 34.573 125.656l52.743-110.76 53.349 111.98-105.506 0.007c18.486 38.11 43.136 71.289 72.34 97.469l39.323-82.573 53.349 111.98h-53.080c36.258 22.003 77.137 34.452 120.441 34.452 49.543 0 95.919-16.283 135.808-44.557l-57.283 0.007 53.329-111.987 39.195 82.277c60.072-59.897 98.385-150.69 98.385-252.335 0.007-19.914-4.278-58.321-4.278-58.321zM348.342 713.667l-106.678 0.013 53.329-111.993 53.349 111.98zM234.489 473.681l53.349 111.98-106.678 0.007 53.329-111.987zM53.228 591.852l53.329-111.987 53.349 111.98-106.678 0.007zM113.859 717.608l53.329-111.987 53.349 111.98-106.678 0.007zM176.175 842.24l53.329-111.987 53.349 111.98-106.678 0.007zM234.563 968.556l53.329-111.987 53.349 111.98-106.678 0.007zM302.43 838.872l53.329-111.987 53.349 111.98-106.678 0.007z",
          "M325.295 333.157c-31.656-0.357-25.566-0.963-66.169 1.509-21.928 1.334-57.768 12.557-57.768 12.557-6.865-62.592-59.904-191.859-54.818-192.653 15.656-2.452 121.378 84.965 178.755 178.587z",
          "M319.757 143.111c-17.873 20.729-30.848 52.911-49.031 72.293-39.808-35.584-66.088-49.57-67.88-61.123-10.078-64.829-30.504-91.668-51.267-138.941-12.456-28.382 182.245 111.461 168.179 127.771z",
          "M367.805 133.16c-8.65 6.71-46.808-14.329-42.119-42.584 10.651-64.33 173.649-58.449 109.049-27.19-27.702 13.406-47.192 54.467-66.931 69.773z",
          "M342.703 284.214c-10.988 28.241-53.329-24.286-50.378-40.771 17.779-99.052 171.749-94.76 154.887-82.755-54.777 39.006-70.582 36.345-104.509 123.527z"
        ],
        "attrs": [
          {},
          {},
          {},
          {},
          {},
          {},
          {},
          {},
          {},
          {},
          {},
          {}
        ],
        "width": 566,
        "isMulticolor": false,
        "isMulticolor2": false,
        "grid": 32,
        "tags": [
          "pineapple_logo_light"
        ]
      },
      "attrs": [
        {},
        {},
        {},
        {},
        {},
        {},
        {},
        {},
        {},
        {},
        {},
        {}
      ],
      "properties": {
        "order": 6,
        "id": 0,
        "name": "pineapple",
        "prevSize": 32,
        "code": 127821,
        "ligatures": ""
      },
      "setIdx": 0,
      "setId": 2,
      "iconIdx": 0
    }
  ],
  "height": 1024,
  "metadata": {
    "name": "pineapple",
    "url": "http://pineapple.alexandroperez.com/font",
    "designer": "Alexandro Perez",
    "designerURL": "https://www.alexandroperez.com",
    "license": "Attribution-NonCommercial-ShareAlike",
    "licenseURL": "https://creativecommons.org/licenses/by-nc-sa/4.0/"
  },
  "preferences": {
    "showGlyphs": true,
    "showQuickUse": true,
    "showQuickUse2": false,
    "showSVGs": true,
    "fontPref": {
      "prefix": "icon-",
      "metadata": {
        "fontFamily": "pineapple",
        "majorVersion": 1,
        "minorVersion": 0,
        "designer": "Alexandro Perez",
        "licenseURL": "https://creativecommons.org/licenses/by-nc-sa/4.0/",
        "license": "Attribution-NonCommercial-ShareAlike",
        "description": "Pineapple icon with a bite",
        "copyright": "Creative Commons",
        "fontURL": "http://pineapple.alexandroperez.com/font",
        "designerURL": "https://www.alexandroperez.com"
      },
      "metrics": {
        "emSize": 1024,
        "baseline": 6.25,
        "whitespace": 50
      },
      "embed": false,
      "autoHost": true,
      "showSelector": false,
      "showMetrics": false,
      "showMetadata": false,
      "showVersion": false,
      "noie8": true,
      "ie7": false,
      "selector": "i",
      "includeMetadata": false
    },
    "imagePref": {
      "prefix": "icon-",
      "png": true,
      "useClassSelector": true,
      "color": 0,
      "bgColor": 16777215,
      "classSelector": ".icon",
      "height": 32
    },
    "historySize": 50,
    "showCodes": true,
    "gridSize": 16,
    "quickUsageToken": {
      "UntitledProject": "MTI4YWQ1NmYxNWY2ZDcyYjQ4ZGRlMDk0YWZiZDU0YzkjMSMxNDkwMDk1MDQ0IyMj"
    },
    "showGrid": false,
    "showLiga": false
  }
}